Date,High,Low,Close,Volume
2015-03-02,385.899994,379.480011,385.660004,2139200
2015-03-03,386.100006,381.600006,384.609985,1946500
2015-03-04,387.899994,382.190002,382.72000099999997,2252700
2015-03-05,388.420013,383.890015,387.829987,2693500
2015-03-06,387.0,378.880005,380.089996,2627000
2015-03-09,379.329987,375.27999900000003,378.559998,2311400
2015-03-10,377.769989,369.179993,369.51001,3079600
2015-03-11,373.350006,366.26001,366.369995,2495100
2015-03-12,375.5,367.519989,374.23999,2810000
2015-03-13,373.98999,366.679993,370.579987,2611700
2015-03-16,373.940002,366.72000099999997,373.350006,2354100
2015-03-17,374.5,369.640015,371.920013,2034200
2015-03-18,375.98999,366.700012,375.140015,2640600
2015-03-19,377.109985,372.190002,373.23999,1915700
2015-03-20,379.369995,375.920013,378.48999,3763600
2015-03-23,381.769989,374.940002,375.109985,2235300
2015-03-24,375.23999,372.269989,374.089996,2228200
2015-03-25,380.5,370.290009,370.959991,3429500
2015-03-26,371.399994,365.649994,367.350006,2930000
2015-03-27,373.170013,366.570007,370.559998,2603800
2015-03-30,376.119995,371.549988,374.589996,1820900
2015-03-31,377.700012,371.51001,372.100006,2506100
2015-04-01,373.160004,368.339996,370.26001,2451100
2015-04-02,373.27999900000003,369.0,372.25,1875300
2015-04-06,380.200012,369.359985,377.040009,3050700
2015-04-07,379.309998,374.02999900000003,374.410004,1954900
2015-04-08,381.579987,374.649994,381.200012,2636400
2015-04-09,384.420013,378.799988,383.540009,2392300
2015-04-10,387.119995,381.320007,382.649994,2573500
2015-04-13,385.27999900000003,380.140015,382.359985,1894500
2015-04-14,387.809998,381.209991,385.109985,2548800
2015-04-15,385.77999900000003,381.640015,383.450012,1933200
2015-04-16,387.450012,383.549988,386.040009,2080400
2015-04-17,383.559998,374.399994,375.559998,3839700
2015-04-20,391.940002,377.0,389.51001,5001400
2015-04-21,394.600006,386.799988,391.179993,4643500
2015-04-22,394.27999900000003,388.0,389.799988,3474700
2015-04-23,391.880005,386.149994,389.98999,7980000
2015-04-24,452.64999400000005,439.0,445.10000599999995,17176900
2015-04-27,446.98999000000003,437.410004,438.55999800000006,5430900
2015-04-28,439.0,428.040009,429.30999800000006,4140500
2015-04-29,434.23999000000003,426.02999900000003,429.369995,3621700
2015-04-30,431.75,419.23999,421.77999900000003,3647900
2015-05-01,425.64001500000006,416.0,422.869995,3565800
2015-05-04,429.76998899999995,422.420013,423.040009,2270400
2015-05-05,427.51000999999997,421.01998899999995,421.19000199999994,2856400
2015-05-06,422.72000099999997,414.549988,419.100006,2552500
2015-05-07,428.5,422.85000599999995,426.880005,2766100
2015-05-08,435.200012,430.170013,433.69000199999994,2908800
2015-05-11,439.0,431.369995,432.85000599999995,2393700
2015-05-12,433.25,426.709991,431.01998899999995,1947800
2015-05-13,433.52999900000003,425.799988,426.869995,1996300
2015-05-14,433.0,427.01000999999997,432.27999900000003,1888500
2015-05-15,430.39999400000005,424.299988,426.0,4240300
2015-05-18,427.26998899999995,421.459991,425.23999000000003,2268700
2015-05-19,428.23999000000003,420.630005,421.709991,2464200
2015-05-20,427.10000599999995,418.359985,423.85998499999994,2196200
2015-05-21,436.89999400000005,428.0,431.630005,4121400
2015-05-22,432.44000199999994,427.60998499999994,427.630005,2020600
2015-05-26,427.0,422.0,425.47000099999997,2244200
2015-05-27,431.85000599999995,425.01000999999997,431.420013,2231100
2015-05-28,431.35000599999995,425.47000099999997,426.57000700000003,1912400
2015-05-29,432.5,427.23001100000005,429.23001100000005,3008600
2015-06-01,433.160004,426.200012,430.920013,2253300
2015-06-02,433.23001100000005,426.25,430.98999000000003,1668900
2015-06-03,438.39001500000006,432.75,436.589996,2727900
2015-06-04,436.76000999999997,429.26000999999997,430.77999900000003,2510800
2015-06-05,430.799988,426.5,426.950012,1907900
2015-06-08,426.799988,421.42999299999997,423.5,2166900
2015-06-09,427.48999000000003,419.140015,425.48001100000005,2288700
2015-06-10,432.200012,425.660004,430.76998899999995,2172300
2015-06-11,438.89001500000006,431.47000099999997,432.97000099999997,2922500
2015-06-12,432.35998499999994,428.26000999999997,429.920013,2054400
2015-06-15,428.049988,422.64001500000006,423.670013,2051000
2015-06-16,427.97000099999997,422.670013,427.26000999999997,2296400
2015-06-17,431.35000599999995,424.75,427.80999800000006,2185900
2015-06-18,439.73001100000005,429.410004,439.39001500000006,3378400
2015-06-19,444.98999000000003,433.23999000000003,434.920013,4495100
2015-06-22,439.23999000000003,434.17999299999997,436.290009,1823600
2015-06-23,447.040009,433.69000199999994,445.98999000000003,3245000
2015-06-24,446.47000099999997,440.23001100000005,440.839996,2620800
2015-06-25,443.47000099999997,436.39001500000006,440.10000599999995,2237500
2015-06-26,443.48999000000003,435.05999800000006,438.10000599999995,2624500
2015-06-29,437.0,429.0,429.85998499999994,2753200
2015-06-30,435.57000700000003,430.459991,434.089996,2596900
2015-07-01,440.0,435.579987,437.39001500000006,1987100
2015-07-02,438.200012,433.48001100000005,437.709991,1343400
2015-07-06,439.73001100000005,433.51998899999995,436.040009,1903200
2015-07-07,437.73001100000005,425.57000700000003,436.72000099999997,3454200
2015-07-08,435.98999000000003,428.829987,429.700012,2383100
2015-07-09,438.72000099999997,434.14999400000005,434.39001500000006,2271400
2015-07-10,444.72000099999997,439.0,443.51000999999997,2401000
2015-07-13,457.869995,447.540009,455.57000700000003,3956800
2015-07-14,469.60000599999995,458.160004,465.57000700000003,4736200
2015-07-15,464.700012,460.200012,461.19000199999994,2987400
2015-07-16,475.880005,464.799988,475.48001100000005,4095600
2015-07-17,485.420013,477.25,483.01000999999997,4932200
2015-07-20,493.200012,485.39999400000005,488.10000599999995,4752500
2015-07-21,488.880005,482.549988,488.0,3181800
2015-07-22,492.5,484.89999400000005,488.26998899999995,3114900
2015-07-23,491.660004,475.700012,482.17999299999997,9374400
2015-07-24,580.570007,529.349976,529.419983,21909400
2015-07-27,544.950012,526.599976,531.409973,7491000
2015-07-28,536.3900150000001,523.119995,526.030029,5273100
2015-07-29,532.969971,525.02002,529.0,3752600
2015-07-30,539.200012,524.289978,536.76001,3743100
2015-07-31,542.840027,534.52002,536.150024,3025600
2015-08-03,540.4400019999999,529.3599849999999,535.030029,3014200
2015-08-04,536.950012,529.159973,531.900024,2934600
2015-08-05,539.1400150000001,534.119995,537.01001,2889400
2015-08-06,542.73999,527.52002,529.460022,3820500
2015-08-07,529.460022,518.210022,522.619995,3969200
2015-08-10,532.280029,523.0,524.0,2615900
2015-08-11,528.97998,522.0,527.460022,2657900
2015-08-12,527.5,513.0599980000001,525.909973,3962300
2015-08-13,534.659973,525.48999,529.659973,2895200
2015-08-14,534.1099849999999,528.25,531.52002,1983200
2015-08-17,538.73999,527.119995,535.219971,2581700
2015-08-18,539.48999,533.0,535.02002,2071300
2015-08-19,537.25,529.0,532.919983,2324000
2015-08-20,533.25,515.77002,515.780029,4408000
2015-08-21,512.330017,494.47000099999997,494.47000099999997,6706500
2015-08-24,476.579987,451.0,463.369995,10097600
2015-08-25,489.44000199999994,466.25,466.369995,5679300
2015-08-26,503.72000099999997,478.76000999999997,500.76998899999995,6358600
2015-08-27,522.6900019999999,507.26000999999997,518.369995,6114500
2015-08-28,521.5,513.039978,518.01001,2746700
2015-08-31,519.409973,509.07000700000003,512.8900150000001,2983000
2015-09-01,510.0,493.42999299999997,496.540009,3864500
2015-09-02,510.85998499999994,497.72000099999997,510.549988,3707100
2015-09-03,515.840027,502.57000700000003,504.72000099999997,3149700
2015-09-04,502.85000599999995,495.64001500000006,499.0,2692500
2015-09-08,518.349976,508.51000999999997,517.539978,3810700
2015-09-09,529.950012,515.0599980000001,516.8900150000001,4338700
2015-09-10,526.130005,514.780029,522.23999,2576000
2015-09-11,529.4400019999999,520.6099849999999,529.4400019999999,3227900
2015-09-14,532.450012,518.580017,521.380005,3130200
2015-09-15,527.919983,517.200012,522.369995,2845600
2015-09-16,528.299988,518.52002,527.3900150000001,2252800
2015-09-17,546.969971,526.570007,538.869995,4169500
2015-09-18,546.23999,531.349976,540.26001,6125600
2015-09-21,549.780029,539.590027,548.3900150000001,3283300
2015-09-22,543.549988,532.659973,538.400024,3841700
2015-09-23,541.210022,534.0,536.070007,2237600
2015-09-24,534.5599980000001,522.869995,533.75,3501000
2015-09-25,542.799988,521.400024,524.25,4031000
2015-09-28,520.280029,494.329987,504.05999800000006,5434500
2015-09-29,511.48001100000005,490.5,496.07000700000003,4457500
2015-09-30,512.799988,501.670013,511.89001500000006,3990400
2015-10-01,520.799988,506.0,520.719971,3768500
2015-10-02,532.599976,508.10000599999995,532.539978,4597800
2015-10-05,545.909973,536.0,543.679993,3391400
2015-10-06,551.5,533.330017,537.47998,4502800
2015-10-07,542.0,529.0,541.9400019999999,3812100
2015-10-08,539.3900150000001,519.8900150000001,533.159973,4676400
2015-10-09,541.789978,530.27002,539.799988,3537400
2015-10-12,550.820007,539.799988,550.1900019999999,2776100
2015-10-13,553.200012,543.099976,548.900024,2938000
2015-10-14,552.25,539.679993,544.830017,3582100
2015-10-15,563.0,547.0,562.4400019999999,4937000
2015-10-16,570.9400019999999,560.3099980000001,570.76001,4315800
2015-10-19,579.0,567.380005,573.150024,4375400
2015-10-20,573.0,555.280029,560.880005,4327900
2015-10-21,565.25,552.52002,555.77002,3343600
2015-10-22,569.150024,556.669983,563.909973,7779400
2015-10-23,619.450012,595.3599849999999,599.030029,10692700
2015-10-26,609.849976,596.289978,608.6099849999999,4269700
2015-10-27,614.710022,605.530029,611.01001,3787100
2015-10-28,617.22998,609.5,617.099976,3926200
2015-10-29,627.539978,615.3900150000001,626.549988,3858600
2015-10-30,630.719971,625.280029,625.900024,3874400
2015-11-02,628.630005,620.409973,628.349976,2816500
2015-11-03,629.8900150000001,622.0,625.3099980000001,3246900
2015-11-04,645.929993,627.349976,640.950012,4831800
2015-11-05,657.0,643.090027,655.650024,4723800
2015-11-06,662.26001,652.0,659.369995,4092200
2015-11-09,661.960022,647.849976,655.48999,4048800
2015-11-10,660.0,647.26001,659.679993,3489500
2015-11-11,675.960022,663.25,673.25,5387300
2015-11-12,675.6400150000001,664.219971,665.599976,4284700
2015-11-13,667.0,640.450012,642.349976,6261100
2015-11-16,649.98999,622.289978,647.8099980000001,7435900
2015-11-17,653.25,641.0,643.299988,4320200
2015-11-18,664.880005,646.369995,663.539978,4469800
2015-11-19,672.8599849999999,659.0,661.27002,4705200
2015-11-20,668.869995,657.570007,668.450012,3896100
2015-11-23,682.77002,670.119995,678.98999,4385100
2015-11-24,675.799988,661.210022,671.150024,4543400
2015-11-25,679.700012,671.23999,675.340027,2697900
2015-11-27,680.98999,672.099976,673.26001,1966800
2015-11-30,681.289978,664.599976,664.799988,5693200
2015-12-01,681.0,667.8599849999999,679.0599980000001,4751200
2015-12-02,684.820007,674.25,676.01001,4273500
2015-12-03,682.789978,661.47998,666.25,5064700
2015-12-04,674.780029,661.400024,672.6400150000001,4534800
2015-12-07,675.460022,660.5,669.830017,3732800
2015-12-08,679.98999,659.789978,677.330017,3651900
2015-12-09,679.0,655.679993,664.789978,5158200
2015-12-10,668.530029,659.5599980000001,662.320007,3440200
2015-12-11,657.880005,639.619995,640.150024,5474400
2015-12-14,658.590027,635.27002,657.909973,4329700
2015-12-15,671.5,657.349976,658.6400150000001,4753400
2015-12-16,677.349976,659.320007,675.77002,3964500
2015-12-17,682.5,670.650024,670.650024,3681600
2015-12-18,676.840027,664.130005,664.1400150000001,6841300
2015-12-21,669.900024,658.929993,664.51001,3250900
2015-12-22,668.48999,659.26001,663.150024,2664000
2015-12-23,666.599976,656.630005,663.700012,2722900
2015-12-24,664.679993,660.599976,662.789978,1093000
2015-12-28,675.5,665.5,675.200012,3775800
2015-12-29,696.4400019999999,677.8900150000001,693.969971,5735000
2015-12-30,695.48999,686.380005,689.070007,3519000
2015-12-31,687.75,675.8900150000001,675.8900150000001,3749600
2016-01-04,657.719971,627.51001,636.98999,9314500
2016-01-05,646.909973,627.650024,633.789978,5822600
2016-01-06,639.789978,620.3099980000001,632.650024,5329200
2016-01-07,630.0,605.210022,607.9400019999999,7074900
2016-01-08,624.1400150000001,606.0,607.049988,5512900
2016-01-11,619.849976,598.570007,617.73999,4869200
2016-01-12,625.98999,612.23999,617.8900150000001,4724100
2016-01-13,620.880005,579.159973,581.8099980000001,7655200
2016-01-14,602.25,569.880005,593.0,7238000
2016-01-15,584.619995,565.299988,570.179993,7784500
2016-01-19,584.0,566.450012,574.47998,4807200
2016-01-20,578.450012,547.179993,571.77002,7966400
2016-01-21,588.8099980000001,568.219971,575.02002,4952200
2016-01-22,600.099976,584.1099849999999,596.380005,5120100
2016-01-25,608.5,594.5599980000001,596.530029,4396100
2016-01-26,604.5,590.380005,601.25,3743200
2016-01-27,603.3900150000001,578.780029,583.349976,5152900
2016-01-28,638.0599980000001,597.549988,635.349976,14015200
2016-01-29,593.0,570.0,587.0,14677600
2016-02-01,581.799988,570.3099980000001,574.8099980000001,6355100
2016-02-02,571.5599980000001,550.090027,552.099976,6312000
2016-02-03,556.0,521.900024,531.070007,10048700
2016-02-04,538.98999,519.219971,536.26001,6176600
2016-02-05,529.450012,499.19000199999994,502.130005,9708900
2016-02-08,493.5,475.209991,488.10000599999995,9825500
2016-02-09,498.380005,474.0,482.07000700000003,7045900
2016-02-10,504.660004,486.0,490.48001100000005,6786200
2016-02-11,509.299988,484.0,503.82000700000003,7397400
2016-02-12,516.75,501.48999000000003,507.079987,5384800
2016-02-16,524.450012,511.660004,521.099976,5118500
2016-02-17,537.47998,519.3900150000001,534.099976,4824000
2016-02-18,541.200012,523.72998,525.0,4735000
2016-02-19,535.950012,515.349976,534.900024,4974700
2016-02-22,560.650024,541.080017,559.5,5566600
2016-02-23,556.909973,545.330017,552.9400019999999,4050800
2016-02-24,554.27002,533.150024,554.039978,6231700
2016-02-25,559.3900150000001,545.289978,555.150024,4510500
2016-02-26,562.5,553.169983,555.22998,4877000
2016-02-29,564.8099980000001,552.51001,552.52002,4145400
2016-03-01,579.25,556.0,579.039978,5038500
2016-03-02,585.0,573.700012,580.210022,4582200
2016-03-03,579.869995,573.1099849999999,577.48999,2736700
2016-03-04,581.400024,571.070007,575.1400150000001,3416500
2016-03-07,573.630005,555.549988,562.799988,4926900
2016-03-08,571.349976,554.73999,560.26001,4730000
2016-03-09,560.349976,550.130005,559.469971,4377300
2016-03-10,567.0,547.900024,558.929993,3914300
2016-03-11,570.0599980000001,562.72998,569.6099849999999,3771300
2016-03-14,576.8900150000001,563.049988,573.369995,3454200
2016-03-15,581.52002,567.0,577.02002,3876800
2016-03-16,581.320007,571.1400150000001,574.27002,3537700
2016-03-17,571.400024,555.01001,559.4400019999999,5928100
2016-03-18,562.330017,546.090027,552.080017,7296900
2016-03-21,555.23999,538.580017,553.97998,5155700
2016-03-22,562.76001,545.049988,560.47998,4000600
2016-03-23,572.47998,558.099976,569.630005,3983700
2016-03-24,583.549988,567.080017,582.950012,5185500
2016-03-28,584.75,575.5599980000001,579.869995,3121500
2016-03-29,595.849976,576.5,593.8599849999999,4167100
2016-03-30,603.23999,595.0,598.6900019999999,3890500
2016-03-31,600.75,592.210022,593.6400150000001,2681800
2016-04-01,599.030029,588.299988,598.5,2917400
2016-04-04,599.5,590.549988,593.1900019999999,2470800
2016-04-05,593.469971,585.25,586.1400150000001,2308900
2016-04-06,602.3900150000001,587.5,602.080017,2833500
2016-04-07,599.599976,589.080017,591.429993,3189000
2016-04-08,597.8599849999999,589.0,594.599976,2591900
2016-04-11,604.0,594.909973,595.929993,2704300
2016-04-12,604.0599980000001,592.3099980000001,603.169983,2636300
2016-04-13,616.8099980000001,605.289978,614.820007,4228300
2016-04-14,624.380005,615.070007,620.75,3474300
2016-04-15,626.77002,618.1099849999999,625.8900150000001,2887700
2016-04-18,637.6400150000001,624.960022,635.349976,4336400
2016-04-19,638.01001,620.799988,627.900024,4055900
2016-04-20,636.549988,623.0,632.98999,2609400
2016-04-21,637.820007,628.5,631.0,2596300
2016-04-22,628.25,611.5599980000001,620.5,5083900
2016-04-25,626.97998,616.25,626.200012,2682900
2016-04-26,626.75,614.880005,616.880005,2521400
2016-04-27,615.950012,601.280029,606.570007,4068800
2016-04-28,626.799988,599.200012,602.0,7872600
2016-04-29,669.97998,654.0,659.590027,10310700
2016-05-02,685.5,662.030029,683.849976,6578500
2016-05-03,680.299988,670.429993,671.320007,4923400
2016-05-04,674.0,662.1400150000001,670.900024,4574500
2016-05-05,676.48999,656.0,659.090027,4884100
2016-05-06,676.950012,656.01001,673.950012,4365300
2016-05-09,686.97998,671.409973,679.75,3982200
2016-05-10,704.549988,693.5,703.070007,6087000
2016-05-11,719.0,701.650024,713.22998,7338200
2016-05-12,722.450012,711.51001,717.929993,5048200
2016-05-13,719.25,706.51001,709.919983,4763400
2016-05-16,713.25,700.280029,710.659973,5432900
2016-05-17,714.469971,693.909973,695.27002,5121400
2016-05-18,702.539978,688.76001,697.450012,4283200
2016-05-19,699.400024,689.5599980000001,698.52002,3025600
2016-05-20,707.23999,700.0,702.799988,2916200
2016-05-23,706.0,696.419983,696.75,2579200
2016-05-24,707.5,698.0,704.200012,3033800
2016-05-25,710.8599849999999,705.52002,708.349976,3267700
2016-05-26,715.0,707.289978,714.909973,2436800
2016-05-27,716.599976,711.099976,712.23999,2249200
2016-05-31,724.22998,711.320007,722.789978,3618300
2016-06-01,726.429993,718.219971,719.4400019999999,3263100
2016-06-02,728.280029,715.5,728.23999,3020700
2016-06-03,727.0,718.429993,725.539978,3367300
2016-06-06,731.5,724.419983,726.72998,2704800
2016-06-07,730.0,720.549988,723.73999,2732500
2016-06-08,729.419983,721.599976,726.6400150000001,2223400
2016-06-09,728.909973,722.299988,727.650024,2170300
2016-06-10,724.97998,714.210022,717.909973,3425700
2016-06-13,721.98999,711.159973,715.23999,3352200
2016-06-14,720.8099980000001,712.27002,719.299988,2506900
2016-06-15,722.5599980000001,713.349976,714.26001,2709400
2016-06-16,718.0,705.299988,717.51001,3098000
2016-06-17,718.200012,699.179993,706.3900150000001,5897800
2016-06-20,721.3099980000001,710.8099980000001,714.01001,3677200
2016-06-21,718.400024,712.719971,715.820007,2137500
2016-06-22,717.0,707.570007,710.599976,2260500
2016-06-23,722.119995,712.5,722.080017,2825000
2016-06-24,712.530029,692.200012,698.960022,7632500
2016-06-27,696.820007,682.119995,691.3599849999999,5568000
2016-06-28,708.0,698.169983,707.950012,4037000
2016-06-29,719.5,713.539978,715.599976,3070100
2016-06-30,719.369995,712.539978,715.619995,2855100
2016-07-01,728.0,716.539978,725.679993,2920400
2016-07-05,729.5599980000001,719.6099849999999,728.099976,2431400
2016-07-06,737.77002,722.580017,737.6099849999999,3938200
2016-07-07,739.549988,731.630005,736.570007,2936700
2016-07-08,746.099976,738.0,745.8099980000001,3429200
2016-07-11,755.900024,747.0,753.780029,3195300
2016-07-12,757.340027,740.330017,748.210022,5623700
2016-07-13,756.869995,741.25,742.630005,4142300
2016-07-14,749.039978,739.02002,741.200012,2390500
2016-07-15,746.549988,734.049988,735.4400019999999,3121400
2016-07-18,741.599976,728.719971,736.070007,2954900
2016-07-19,743.330017,732.3099980000001,739.950012,2216800
2016-07-20,746.25,740.700012,745.719971,2214000
2016-07-21,749.3599849999999,742.789978,744.429993,2317100
2016-07-22,751.280029,743.530029,744.8599849999999,2277700
2016-07-25,748.5,735.349976,739.6099849999999,2679300
2016-07-26,743.130005,732.75,735.590027,2529700
2016-07-27,740.9400019999999,733.8599849999999,736.669983,2831800
2016-07-28,753.3599849999999,739.700012,752.6099849999999,7617600
2016-07-29,766.0,755.0,758.8099980000001,6777100
2016-08-01,770.5,757.0599980000001,767.73999,3578200
2016-08-02,765.01001,757.02002,760.580017,3603300
2016-08-03,758.8900150000001,752.25,754.6400150000001,3581500
2016-08-04,765.0,750.349976,760.77002,3176000
2016-08-05,768.469971,763.090027,765.97998,2704400
2016-08-08,767.0,761.02002,766.5599980000001,1986300
2016-08-09,772.599976,766.900024,768.3099980000001,1876100
2016-08-10,772.099976,766.1900019999999,768.5599980000001,1604300
2016-08-11,773.75,769.119995,771.23999,2016300
2016-08-12,773.150024,768.419983,772.5599980000001,1563300
2016-08-15,772.039978,767.710022,768.48999,2118500
2016-08-16,768.72998,763.820007,764.039978,1604600
2016-08-17,765.219971,759.200012,764.630005,1891100
2016-08-18,765.169983,760.599976,764.460022,1458800
2016-08-19,762.48999,756.8900150000001,757.3099980000001,2343200
2016-08-22,759.849976,752.099976,759.47998,1679300
2016-08-23,764.700012,761.0,762.450012,1524100
2016-08-24,763.409973,755.3599849999999,757.25,1744100
2016-08-25,760.5599980000001,754.73999,759.219971,1623000
2016-08-26,770.0,759.799988,769.0,2776800
2016-08-29,774.97998,768.599976,771.289978,2185700
2016-08-30,771.840027,765.5599980000001,767.580017,1709200
2016-08-31,769.6400150000001,764.0,769.159973,1633800
2016-09-01,772.039978,766.75,770.619995,1792300
2016-09-02,776.0,771.700012,772.4400019999999,2181800
2016-09-06,789.47998,770.219971,788.869995,3719800
2016-09-07,790.789978,784.330017,784.47998,2424600
2016-09-08,786.5,781.4400019999999,784.0599980000001,2026400
2016-09-09,781.0,760.1099849999999,760.1400150000001,4257300
2016-09-12,772.659973,756.0,771.48999,3124700
2016-09-13,769.8900150000001,759.049988,761.01001,3117200
2016-09-14,767.5,758.849976,761.090027,2523000
2016-09-15,770.869995,757.580017,769.6900019999999,3034000
2016-09-16,780.460022,771.659973,778.52002,5499200
2016-09-19,781.9400019999999,771.0,775.099976,2292500
2016-09-20,781.369995,776.0,780.219971,1937200
2016-09-21,790.6900019999999,779.01001,789.73999,2718600
2016-09-22,805.8900150000001,794.27002,804.700012,4078900
2016-09-23,807.75,802.119995,805.75,2353500
2016-09-26,805.929993,797.150024,799.159973,2651400
2016-09-27,816.6400150000001,801.1099849999999,816.1099849999999,3819600
2016-09-28,830.1400150000001,817.030029,828.719971,4422100
2016-09-29,837.5,824.630005,829.049988,4922200
2016-09-30,839.9500119999999,832.400024,837.3099980000001,4430600
2016-10-03,839.8599849999999,831.25,836.73999,2769400
2016-10-04,842.3699949999999,830.26001,834.030029,2950300
2016-10-05,845.669983,836.119995,844.3599849999999,3469100
2016-10-06,847.2100220000001,840.599976,841.659973,2684000
2016-10-07,845.9500119999999,837.450012,839.429993,2426200
2016-10-10,845.2000119999999,840.2700199999999,841.7100220000001,1818000
2016-10-11,841.2899779999999,828.349976,831.0,3588200
2016-10-12,837.669983,830.099976,834.090027,2380400
2016-10-13,831.799988,821.210022,829.280029,3091400
2016-10-14,835.73999,822.960022,822.960022,2999800
2016-10-17,822.0,811.679993,812.950012,3361500
2016-10-18,823.26001,815.02002,817.650024,2480800
2016-10-19,820.669983,815.169983,817.6900019999999,2090700
2016-10-20,815.710022,803.099976,810.320007,3152000
2016-10-21,819.419983,809.0,818.98999,2793000
2016-10-24,838.299988,822.210022,838.090027,4060900
2016-10-25,843.090027,833.219971,835.179993,3248400
2016-10-26,833.4400019999999,820.0,822.590027,3998100
2016-10-27,831.719971,815.429993,818.3599849999999,7406400
2016-10-28,789.48999,774.6099849999999,776.320007,10841100
2016-10-31,793.700012,780.1099849999999,789.820007,5413300
2016-11-01,800.840027,776.710022,785.409973,5305400
2016-11-02,784.75,763.549988,765.5599980000001,5026500
2016-11-03,777.0,764.0,767.030029,3872500
2016-11-04,766.0,753.22998,755.049988,5122100
2016-11-07,787.72998,770.9400019999999,784.929993,5984400
2016-11-08,791.73999,779.099976,787.75,3373300
2016-11-09,777.5,760.090027,771.880005,8562900
2016-11-10,778.830017,717.700012,742.380005,12747000
2016-11-11,743.26001,728.900024,739.01001,6622800
2016-11-14,746.0,710.099976,719.070007,7283200
2016-11-15,746.780029,725.98999,743.23999,6755800
2016-11-16,749.869995,735.6099849999999,746.48999,3601400
2016-11-17,757.5,748.0,756.400024,3690100
2016-11-18,767.73999,757.6400150000001,760.159973,4373400
2016-11-21,780.349976,765.1099849999999,780.0,4614600
2016-11-22,792.400024,781.0,785.330017,5311300
2016-11-23,781.75,773.119995,780.119995,3522500
2016-11-25,786.75,777.900024,780.369995,1837100
2016-11-28,777.0,764.23999,766.77002,4438800
2016-11-29,769.8900150000001,761.320007,762.52002,3272300
2016-11-30,768.090027,750.25,750.570007,4625900
2016-12-01,753.369995,738.030029,743.650024,4666000
2016-12-02,748.48999,736.700012,740.340027,3561300
2016-12-05,761.48999,742.0,759.3599849999999,4314700
2016-12-06,768.23999,757.25,764.719971,3794700
2016-12-07,770.419983,755.820007,770.419983,3684900
2016-12-08,773.789978,765.1900019999999,767.330017,3189600
2016-12-09,770.25,765.340027,768.659973,2470900
2016-12-12,766.8900150000001,757.200012,760.119995,2963900
2016-12-13,782.460022,762.0,774.340027,5285300
2016-12-14,780.8599849999999,762.8099980000001,768.820007,5454800
2016-12-15,769.099976,760.3099980000001,761.0,3801900
2016-12-16,765.130005,754.0,757.77002,4828700
2016-12-19,770.5,756.159973,766.0,3113200
2016-12-20,774.3900150000001,767.710022,771.219971,2703600
2016-12-21,771.219971,765.700012,770.599976,2044600
2016-12-22,771.210022,763.02002,766.340027,2543600
2016-12-23,766.5,757.98999,760.590027,1976900
2016-12-27,774.650024,761.200012,771.400024,2638700
2016-12-28,780.0,770.5,772.130005,3301000
2016-12-29,773.400024,760.849976,765.150024,3153500
2016-12-30,767.400024,748.280029,749.869995,4139400
2017-01-03,758.76001,747.700012,753.669983,3521100
2017-01-04,759.679993,754.200012,757.179993,2510500
2017-01-05,782.400024,760.26001,780.450012,5830100
2017-01-06,799.4400019999999,778.47998,795.98999,5986200
2017-01-09,801.77002,791.77002,796.919983,3440100
2017-01-10,798.0,789.539978,795.900024,2558400
2017-01-11,799.5,789.51001,799.02002,2992800
2017-01-12,814.130005,799.5,813.6400150000001,4873900
2017-01-13,821.650024,811.400024,817.1400150000001,3791900
2017-01-17,816.0,803.4400019999999,809.719971,3659400
2017-01-18,811.72998,804.27002,807.47998,2354200
2017-01-19,813.51001,807.320007,809.039978,2540800
2017-01-20,816.02002,806.26001,808.330017,3376200
2017-01-23,818.5,805.080017,817.880005,2797500
2017-01-24,823.98999,814.5,822.4400019999999,2971700
2017-01-25,837.419983,825.289978,836.52002,3922600
2017-01-26,843.840027,833.0,839.150024,3586300
2017-01-27,839.7000119999999,829.4400019999999,835.77002,2998700
2017-01-30,833.5,816.380005,830.380005,3747300
2017-01-31,826.98999,819.5599980000001,823.47998,3137200
2017-02-01,833.780029,824.9400019999999,832.349976,3850200
2017-02-02,842.48999,828.26001,839.9500119999999,7350500
2017-02-03,818.299988,804.0,810.200012,10868800
2017-02-06,810.719971,803.0,807.6400150000001,3897300
2017-02-07,816.159973,807.5,812.5,3466100
2017-02-08,821.47998,812.5,819.710022,2858000
2017-02-09,825.0,819.710022,821.3599849999999,2484900
2017-02-10,828.0,822.849976,827.460022,2429600
2017-02-13,843.0,828.549988,836.530029,4172600
2017-02-14,838.3099980000001,831.450012,836.3900150000001,2787900
2017-02-15,842.8099980000001,832.820007,842.7000119999999,2968900
2017-02-16,845.0,839.3800050000001,844.1400150000001,2714700
2017-02-17,847.2700199999999,840.7299800000001,845.070007,3112300
2017-02-21,857.9799800000001,847.25,856.4400019999999,3507700
2017-02-22,858.429993,852.179993,855.6099849999999,2617000
2017-02-23,860.8599849999999,848.0,852.1900019999999,3462000
2017-02-24,845.8099980000001,837.75,845.23999,3688000
2017-02-27,852.5,839.669983,848.6400150000001,2713600
2017-02-28,854.090027,842.0499880000001,845.0399779999999,2793700
2017-03-01,854.830017,849.01001,853.080017,2760100
2017-03-02,854.820007,847.2800289999999,848.909973,2132100
2017-03-03,851.98999,846.2700199999999,849.8800050000001,1941100
2017-03-06,848.48999,841.1199949999999,846.6099849999999,2610400
2017-03-07,848.4600220000001,843.75,846.0200199999999,2247600
2017-03-08,853.070007,846.7899779999999,850.5,2286500
2017-03-09,856.400024,850.3099980000001,853.0,2048200
2017-03-10,857.349976,851.7199710000001,852.4600220000001,2436400
2017-03-13,855.6900019999999,851.7100220000001,854.590027,1909700
2017-03-14,853.75,847.5499880000001,852.5300289999999,2130600
2017-03-15,854.4500119999999,847.1099849999999,852.9699710000001,2562200
2017-03-16,855.5,850.51001,853.419983,1842300
2017-03-17,853.830017,850.6400150000001,852.3099980000001,3384400
2017-03-20,857.7999880000001,851.01001,856.9699710000001,2282700
2017-03-21,862.7999880000001,841.3099980000001,843.2000119999999,4382900
2017-03-22,849.3699949999999,839.0499880000001,848.0599980000001,2658700
2017-03-23,850.8900150000001,844.7999880000001,847.3800050000001,1953000
2017-03-24,851.7999880000001,843.5300289999999,845.6099849999999,2138300
2017-03-27,850.2999880000001,833.5,846.820007,2755800
2017-03-28,858.4600220000001,850.099976,856.0,3041600
2017-03-29,876.4400019999999,859.0200199999999,874.320007,4485800
2017-03-30,877.0599980000001,871.659973,876.340027,2762700
2017-03-31,890.349976,876.650024,886.5399779999999,3957600
2017-04-03,893.48999,885.419983,891.51001,3422300
2017-04-04,908.5399779999999,890.2800289999999,906.830017,4984700
2017-04-05,923.7199710000001,905.6199949999999,909.2800289999999,7508400
2017-04-06,917.1900019999999,894.48999,898.2800289999999,6344100
2017-04-07,900.090027,889.3099980000001,894.8800050000001,3710900
2017-04-10,908.51001,899.0,907.0399779999999,3184300
2017-04-11,911.23999,897.5,902.3599849999999,3012700
2017-04-12,904.090027,895.25,896.2299800000001,2456100
2017-04-13,894.9699710000001,884.48999,884.669983,3174600
2017-04-17,902.3800050000001,887.5,901.98999,2854700
2017-04-18,909.6099849999999,900.7800289999999,903.7800289999999,2999200
2017-04-19,910.5,897.3699949999999,899.2000119999999,2870200
2017-04-20,905.320007,896.2899779999999,902.0599980000001,2814400
2017-04-21,903.650024,896.7700199999999,898.5300289999999,2420500
2017-04-24,909.98999,903.820007,907.409973,3122900
2017-04-25,909.4799800000001,903.0,907.6199949999999,3380600
2017-04-26,915.75,907.5599980000001,909.2899779999999,2608900
2017-04-27,921.8599849999999,912.1099849999999,918.3800050000001,5305500
2017-04-28,949.590027,924.330017,924.98999,7335800
2017-05-01,954.400024,927.7999880000001,948.2299800000001,5466500
2017-05-02,950.099976,941.409973,946.9400019999999,3848800
2017-05-03,946.0,935.900024,941.0300289999999,3582700
2017-05-04,945.0,934.2199710000001,937.5300289999999,2418400
2017-05-05,940.7899779999999,930.2999880000001,934.150024,2866400
2017-05-08,949.0499880000001,939.2100220000001,949.0399779999999,3415700
2017-05-09,957.8900150000001,950.2000119999999,952.820007,3262100
2017-05-10,953.75,945.0,948.9500119999999,2096500
2017-05-11,950.2899779999999,940.7800289999999,947.6199949999999,2194100
2017-05-12,962.7899779999999,951.5300289999999,961.349976,3625900
2017-05-15,963.150024,956.0599980000001,957.9699710000001,4270600
2017-05-16,970.0599980000001,960.909973,966.070007,3126100
2017-05-17,960.400024,944.1199949999999,944.76001,5145600
2017-05-18,962.75,944.76001,958.48999,3939300
2017-05-19,968.919983,959.7199710000001,959.840027,3972100
2017-05-22,971.3800050000001,962.900024,970.669983,2642200
2017-05-23,975.2000119999999,966.849976,971.5399779999999,2415600
2017-05-24,981.0,970.2299800000001,980.349976,2446000
2017-05-25,999.0,982.1099849999999,993.3800050000001,4822000
2017-05-26,998.650024,989.25,995.7800289999999,3469200
2017-05-30,1001.2000119999999,995.5200199999999,996.7000119999999,3263100
2017-05-31,1000.1199949999999,982.159973,994.6199949999999,3913100
2017-06-01,998.98999,991.3699949999999,995.9500119999999,2454800
2017-06-02,1008.4799800000001,995.669983,1006.7299800000001,3752300
2017-06-05,1013.2100220000001,1003.51001,1011.340027,2719900
2017-06-06,1016.5,1001.25,1003.0,3346400
2017-06-07,1010.25,1002.0,1010.070007,2823000
2017-06-08,1013.6099849999999,1006.1099849999999,1010.2700199999999,2753300
2017-06-09,1012.98999,927.0,978.3099980000001,7647700
2017-06-12,975.9500119999999,945.0,964.909973,9447200
2017-06-13,984.5,966.099976,980.7899779999999,4580000
2017-06-14,990.340027,966.7100220000001,976.4699710000001,3974900
2017-06-15,965.7299800000001,950.8599849999999,964.169983,5373900
2017-06-16,999.75,982.0,987.7100220000001,11472700
2017-06-19,1017.0,989.900024,995.169983,5043400
2017-06-20,1004.8800050000001,992.0200199999999,992.590027,4076800
2017-06-21,1002.7199710000001,992.650024,1002.2299800000001,2922500
2017-06-22,1006.9600220000001,997.2000119999999,1001.2999880000001,2253400
2017-06-23,1004.6199949999999,998.0200199999999,1003.73999,2879100
2017-06-26,1009.7999880000001,992.0,993.9799800000001,3386200
2017-06-27,998.7999880000001,976.0,976.7800289999999,3782400
2017-06-28,990.679993,969.2100220000001,990.330017,3737600
2017-06-29,987.5599980000001,965.25,975.929993,4303000
2017-06-30,983.4699710000001,967.6099849999999,968.0,3390300
2017-07-03,974.48999,951.0,953.659973,2909100
2017-07-05,975.0,955.25,971.400024,3653000
2017-07-06,974.400024,959.0200199999999,965.1400150000001,3259600
2017-07-07,980.1099849999999,969.1400150000001,978.76001,2643400
2017-07-10,999.4400019999999,983.5,996.4699710000001,3546300
2017-07-11,995.98999,983.7199710000001,994.1300050000001,2982700
2017-07-12,1008.5499880000001,998.099976,1006.51001,3608600
2017-07-13,1006.8800050000001,995.900024,1000.6300050000001,2880800
2017-07-14,1004.4500119999999,996.8900150000001,1001.8099980000001,2102500
2017-07-17,1014.75,1003.8099980000001,1010.0399779999999,3712600
2017-07-18,1026.030029,1004.0,1024.449951,4007600
2017-07-19,1031.589966,1022.5,1026.869995,2964000
2017-07-20,1034.969971,1022.5200199999999,1028.699951,3097500
2017-07-21,1026.099976,1011.0,1025.670044,2734600
2017-07-24,1043.01001,1027.430054,1038.949951,3288000
2017-07-25,1043.329956,1032.47998,1039.869995,2447600
2017-07-26,1053.199951,1043.199951,1052.800049,2921300
2017-07-27,1083.310059,1040.180054,1046.0,10991700
2017-07-28,1032.849976,1001.0,1020.0399779999999,7709400
2017-07-31,1019.0499880000001,987.0200199999999,987.7800289999999,7352100
2017-08-01,1006.400024,991.580017,996.1900019999999,4572600
2017-08-02,1003.2100220000001,981.7299800000001,995.8900150000001,4070000
2017-08-03,999.5,984.590027,986.919983,3255800
2017-08-04,991.669983,982.0,987.580017,2730300
2017-08-07,995.0,987.1400150000001,992.2700199999999,2676600
2017-08-08,996.2800289999999,985.7899779999999,989.840027,2902800
2017-08-09,988.0,975.2700199999999,982.01001,3569700
2017-08-10,979.8599849999999,954.679993,956.919983,5684100
2017-08-11,970.3900150000001,951.3800050000001,967.98999,3468000
2017-08-14,985.5,976.1900019999999,983.2999880000001,3042800
2017-08-15,991.73999,982.0,982.73999,2549300
2017-08-16,986.4600220000001,973.2199710000001,978.179993,3132100
2017-08-17,977.840027,960.320007,960.570007,3512400
2017-08-18,965.429993,954.650024,958.4699710000001,3284800
2017-08-21,961.2000119999999,945.4600220000001,953.2899779999999,3164500
2017-08-22,967.929993,955.5,966.900024,2750000
2017-08-23,962.0,954.2000119999999,958.0,2668300
2017-08-24,959.0,941.1400150000001,952.4500119999999,5195700
2017-08-25,957.6199949999999,944.099976,945.26001,3324800
2017-08-28,953.0,942.25,946.0200199999999,2596700
2017-08-29,956.0,936.330017,954.0599980000001,2874300
2017-08-30,969.409973,956.909973,967.590027,2904600
2017-08-31,981.0,972.76001,980.599976,3331500
2017-09-01,984.5,976.8800050000001,978.25,2535900
2017-09-05,976.7700199999999,960.3699949999999,965.2700199999999,2883200
2017-09-06,971.840027,960.599976,967.7999880000001,2129900
2017-09-07,980.590027,972.5499880000001,979.4699710000001,2566800
2017-09-08,979.8800050000001,963.4699710000001,965.900024,2605300
2017-09-11,981.9400019999999,974.2199710000001,977.9600220000001,2186700
2017-09-12,984.669983,975.5200199999999,982.580017,2481100
2017-09-13,1000.0,979.419983,999.599976,3374700
2017-09-14,998.5599980000001,987.73999,992.2100220000001,3913300
2017-09-15,996.25,984.0300289999999,986.7899779999999,3760200
2017-09-18,992.7899779999999,968.169983,974.1900019999999,3411300
2017-09-19,978.23999,967.4600220000001,969.8599849999999,2671100
2017-09-20,974.8099980000001,962.159973,973.2100220000001,2888800
2017-09-21,971.7000119999999,962.0200199999999,964.650024,2337600
2017-09-22,965.6099849999999,954.419983,955.099976,2641800
2017-09-25,949.419983,932.8900150000001,939.7899779999999,5124000
2017-09-26,948.6300050000001,931.75,938.599976,3564800
2017-09-27,955.2999880000001,943.2999880000001,950.8699949999999,3148900
2017-09-28,959.7000119999999,950.099976,956.400024,2522600
2017-09-29,964.830017,958.3800050000001,961.349976,2543800
2017-10-02,967.3099980000001,952.1199949999999,959.1900019999999,2442900
2017-10-03,963.6900019999999,950.3699949999999,957.099976,2666600
2017-10-04,967.7899779999999,954.0499880000001,965.4500119999999,2527400
2017-10-05,981.51001,969.6400150000001,980.849976,3229200
2017-10-06,995.75,975.6400150000001,989.580017,3782100
2017-10-09,998.5,987.5,990.98999,2938600
2017-10-10,997.9500119999999,980.099976,987.2000119999999,3084900
2017-10-11,995.5,986.7000119999999,995.0,2337100
2017-10-12,1008.4400019999999,992.400024,1000.929993,4067300
2017-10-13,1007.7700199999999,1001.0300289999999,1002.9400019999999,2431500
2017-10-16,1009.570007,1001.0399779999999,1006.340027,2008900
2017-10-17,1011.4699710000001,1004.3800050000001,1009.1300050000001,2319700
2017-10-18,1022.3099980000001,996.5499880000001,997.0,2499700
2017-10-19,991.0499880000001,980.23999,986.6099849999999,3108200
2017-10-20,994.6199949999999,982.0,982.909973,2365100
2017-10-23,986.7800289999999,962.5,966.2999880000001,3494100
2017-10-24,979.849976,965.0,975.900024,2723900
2017-10-25,984.4400019999999,966.23999,972.909973,3033100
2017-10-26,982.900024,968.5499880000001,972.429993,5618700
2017-10-27,1105.579956,1050.550049,1100.949951,16565000
2017-10-30,1122.790039,1093.560059,1110.849976,6613100
2017-10-31,1110.540039,1101.119995,1105.280029,3477000
2017-11-01,1108.969971,1096.73999,1103.680054,3755500
2017-11-02,1101.939941,1086.869995,1094.219971,3684900
2017-11-03,1112.680054,1088.52002,1111.599976,3751500
2017-11-06,1125.410034,1108.77002,1120.660034,3381100
2017-11-07,1130.599976,1117.5,1123.170044,2689000
2017-11-08,1135.540039,1119.109985,1132.880005,2581500
2017-11-09,1129.619995,1115.77002,1129.130005,3732700
2017-11-10,1131.75,1124.060059,1125.349976,2179900
2017-11-13,1139.900024,1122.339966,1129.170044,2918400
2017-11-14,1138.0,1123.890015,1136.839966,3138400
2017-11-15,1131.75,1121.630005,1126.689941,3928700
2017-11-16,1138.160034,1130.050049,1137.290039,2213300
2017-11-17,1138.800049,1125.810059,1129.880005,2413400
2017-11-20,1133.420044,1122.550049,1126.310059,2163900
2017-11-21,1140.0,1128.199951,1139.48999,2479400
2017-11-22,1160.27002,1141.0,1156.160034,3555300
2017-11-24,0.0,0.0,1184.462036,0
